id,time,name,article
1,1609996725201,名無しさん,あああ
2,1609997039122,a,adwd
3,1609997051638,asdd,asd
4,1609997131179,名無しさん,あｓｄs
5,1610371963650,名無しさん,asdasd
6,1610372351426,名無しさん,asadasd
7,1610375293523,名無しさん,sss
8,1610375344765,名無しさん,as
9,1610375364587,名無しさん,asdsad
10,1610378110437,名無しさん,あｆｓｄ
11,1610378111877,名無しさん,だｗｓだ
12,1610378113208,名無しさん,あｓだｗだｓ
13,1610378331390,名無しさん,さｄｓだ
14,1610378332428,名無しさん,だｗｄ
15,1610378333503,名無しさん,だｗｄｓ
16,1610378334726,名無しさん,あｓどぁｄｓ
17,1610378335865,名無しさん,あｓどぁｄｓ
18,1610378395778,名無しさん,さｄｓｄｆ
19,1610378396669,名無しさん,ｆｓｄｆｓ
20,1610378397831,名無しさん,ｓｆｄｓｆｄ
21,1610378399875,名無しさん,ｄｓふぇｆｄ
22,1610378402647,名無しさん,ｓｆｄｆｓ
23,1610378403389,名無しさん,ｄｓｆ
24,1610378404060,名無しさん,ｓｆｄ
25,1610378404704,名無しさん,ｓｄｆ
26,1610378405302,名無しさん,ｓｆ
27,1610378406204,名無しさん,ｆｄｓ
28,1610379030304,名無しさん,あｆだｄｓｆ
29,1610379031442,名無しさん,あｆさｄｆ
30,1610379032195,名無しさん,あ
31,1610379033297,名無しさん,　
32,1610379035005,名無しさん,　
33,1610379035681,名無しさん,　
34,1610379039191,名無しさん,　
35,1610379039892,名無しさん,　
36,1610379040613,名無しさん,　
37,1610379041170,名無しさん,　
38,1610379041714,名無しさん,　
39,1610379042251,名無しさん,　
40,1610379043138,名無しさん,　
41,1610379044291,名無しさん,　
